id,skills_in_desc
123526457,SQL
123526457,Python
123526457,Power BI
123526457,Greenplum
123526457,Airflow
123526457,DWH
123526457,ML
123526457,AI
123526457,EDA
123526457,Статистика
123537004,SQL
123537004,Python
123537004,Tableau
123537004,Excel
123537004,Matplotlib
123537004,MySQL
123537004,Oracle
123537004,ClickHouse
123537004,ETL
123537004,Pandas
123537004,NumPy
123520648,SQL
123520648,Power BI
123520648,Excel
123530674,Excel
123522186,Power BI
123522186,Tableau
123464963,Scrum
123464963,Agile
123464963,Kanban
123464963,Jira
123464963,Confluence
123532103,SQL
123532103,Python
123532103,Power BI
123530618,SQL
123530618,Python
123530618,Power BI
123530618,Qlik
123530618,Superset
123530618,MS SQL
123530618,ClickHouse
123530618,Airflow
123530618,ETL
123524246,SQL
123524246,Agile
123524246,Jira
123524246,Confluence
123524246,REST API
123362863,SQL
123362863,Python
123362863,Tableau
123362863,Metabase
123362863,Redash
123391639,SQL
123391639,Agile
123391639,Jira
123297622,SQL
123297622,ETL
123436009,SQL
123436009,Python
123436009,Excel
123469384,SQL
123469384,Python
123469384,Power BI
123469384,Seaborn
123469384,PostgreSQL
123469384,ClickHouse
123469384,ETL
123469384,Pandas
123530613,SQL
123530613,Python
123530613,Excel
123465258,Scrum
123465258,Agile
123465258,Kanban
123410946,SQL
123410946,Power BI
123410946,Tableau
123410946,Excel
123410946,ML
123474434,SQL
123474434,Python
123474434,Power BI
123474434,PostgreSQL
123474434,Airflow
123474434,ETL
123474434,Git
123465383,Excel
123332410,SQL
123348617,SQL
123348617,Power BI
123348617,Tableau
123348617,PostgreSQL
123348617,Oracle
123348617,Kafka
123348617,Agile
123461543,SQL
123461543,Python
123461543,Power BI
123461543,Metabase
123461543,Excel
123461543,ClickHouse
123461543,A/B тестирование
123461543,Pandas
123461543,NumPy
123480297,SQL
123480297,Jira
123480297,Confluence
123437095,Python
123437095,Airflow
123437095,AWS
123437095,Azure
123437095,GCP
123437095,ETL
123437095,ML
123437095,AI
123437095,CI/CD
123437095,Docker
123437095,Kubernetes
123390975,SQL
123390975,Excel
123496181,SQL
123496181,Excel
123520269,SQL
123520269,Python
123513616,Machine Learning
123286350,SQL
123286350,Python
123286350,R
123286350,ETL
123465569,SQL
123465569,MS SQL
123465569,Jira
123465569,Confluence
123465569,REST API
123479980,SQL
123479980,Azure
123479980,Jira
123479980,Confluence
123437855,SQL
123437855,Jira
123437855,Confluence
123437855,REST API
123412522,Confluence
123412522,REST API
123441328,SQL
123280768,SQL
123280768,REST API
123459834,Scrum
123459834,Jira
123459834,REST API
123475155,SQL
123475155,Excel
123302653,SQL
123302653,Excel
123412883,SQL
123412883,Python
123412883,Tableau
123412883,ClickHouse
123471340,Power BI
123471340,Excel
123471340,Математика
123464302,SQL
123464302,MySQL
123464302,ClickHouse
123464302,Redis
123464302,Cassandra
123464302,Kafka
123464302,Scrum
123464302,Agile
123464302,WebSocket
123506979,SQL
123506979,MySQL
123506979,Redis
123506979,Jira
123506979,Confluence
123506979,Git
123393840,SQL
123393840,Python
123393840,ML
123312222,Python
123312222,Excel
123312222,Pandas
123312222,NumPy
123425539,SQL
123425539,Python
123425539,PostgreSQL
123425539,MS SQL
123425539,CI/CD
123425539,Docker
123506626,SQL
123506626,Python
123506626,Spark
123506626,ML
123506626,AI
123506626,NLP
123506626,CI/CD
123506626,Pandas
123506626,NumPy
123506626,Scikit-learn
123506626,TensorFlow
123506626,PyTorch
123506626,XGBoost
123320136,Статистика
123396391,SQL
123396391,Python
123396391,Airflow
123396391,AWS
123396391,GCP
123396391,ETL
123396391,ML
123396391,Kubernetes
123408094,SQL
123408094,Excel
123408094,Google Sheets
123408094,PostgreSQL
123408094,ETL
123408094,ML
123408094,Scrum
123408094,Agile
123408094,Kanban
123408094,Jira
123408094,Confluence
123408094,REST API
123526904,SQL
123526904,Excel
123526904,MySQL
123526904,Jira
123526904,Confluence
123504942,SQL
123410456,Excel
123465405,SQL
123465405,Jira
123465405,Confluence
123305098,Java
123305098,Scrum
123305098,Agile
123452575,SQL
123452575,Scrum
123452575,Agile
123452575,CI/CD
123452575,Docker
123452575,Kubernetes
123452575,REST API
123311573,SQL
123311573,Scrum
123311573,Agile
123311573,Jira
123311573,Confluence
123319236,R
123319236,Excel
123426248,SQL
123426248,PostgreSQL
123426248,MySQL
123426248,ClickHouse
123426248,MongoDB
123353059,SQL
123378282,SQL
123378282,Python
123378282,Superset
123378282,Oracle
123378282,Kubernetes
123378282,Pandas
123529702,SQL
123529702,ETL
123429060,SQL
123429060,Jira
123429060,Confluence
123429060,Docker
123429060,Kubernetes
123320664,Power BI
123320664,Excel
123348629,SQL
123348629,Python
123416128,SQL
123336463,PostgreSQL
123336463,Oracle
123336463,Kafka
123312795,SQL
123312795,Excel
123312795,MS SQL
123312795,DWH
123336476,SQL
123336476,Oracle
123336476,DWH
122701655,SQL
122701655,Power BI
122701655,Excel
122701655,ClickHouse
122701655,Airflow
122701655,DWH
123355653,Excel
123316171,SQL
123316171,Python
123316171,R
123316171,Power BI
123316171,Tableau
123521342,SQL
123521342,Python
123521342,Excel
123521342,Математика
122944972,SQL
121355547,Scrum
121355547,Agile
121355547,Kanban
121355547,Confluence
121355547,REST API
123415026,SQL
123415026,Python
123415026,Power BI
123415026,Tableau
123415026,Excel
123415026,ClickHouse
123415026,Airflow
123415026,ML
123415026,Pandas
123415026,NumPy
123415026,Scikit-learn
122954622,Agile
122954622,Jira
122954622,Confluence
123533183,SQL
123533183,Python
123533183,Excel
123533183,Oracle
123501083,SQL
123501083,Power BI
123501083,Excel
122800088,SQL
123433595,Python
123433595,Математика
123433595,Статистика
123433595,Линейная алгебра
123387291,SQL
123334771,SQL
123343381,SQL
123343381,Kafka
123343381,Agile
123343381,Jira
123343381,Confluence
123443640,SQL
123443640,PostgreSQL
123443640,Kubernetes
123528301,SQL
123528301,Power BI
123528301,Tableau
123528301,PostgreSQL
123528301,MS SQL
123528301,Oracle
123528301,Greenplum
123528301,Hadoop
123528301,Airflow
123528301,ETL
123528301,Informatica
123354843,SQL
123424458,Jira
123424458,Confluence
123424458,Kubernetes
123424458,REST API
123433511,Power BI
123433511,Excel
123433845,SQL
123433845,Python
123433845,Power BI
123433845,Tableau
123433845,Qlik
123433845,Superset
123433845,Excel
123433845,Matplotlib
123433845,PostgreSQL
123433845,MongoDB
123433845,Airflow
123433845,Git
123433845,Linux
123433845,Pandas
123455569,SQL
123455569,Python
123455569,Excel
123455569,PostgreSQL
123455569,Git
123455569,Docker
123455569,Pandas
123455569,NumPy
123391534,MongoDB
123391534,Redis
123391534,REST API
123433002,SQL
123433002,Kafka
123433002,Jira
123433002,Confluence
123466009,Power BI
123466009,Jira
123466009,Confluence
123394835,SQL
123394835,Java
123394835,PostgreSQL
123394835,Oracle
123394835,Redis
123394835,CI/CD
123394835,Docker
123394835,Kubernetes
123394835,Linux
123394835,Математика
123421376,SQL
123421376,Python
123421376,PostgreSQL
123421376,ClickHouse
123421376,Kafka
123421376,Airflow
123421376,ETL
123421376,ELT
123421376,ML
123421376,Git
123331119,SQL
123331119,Superset
123363193,SQL
123363193,Python
123363193,Metabase
123363193,Airflow
123363193,dbt
123363193,AI
123363193,Git
123363193,Pandas
123363193,NumPy
119422121,MongoDB
119422121,Scrum
119422121,Agile
119422121,Kanban
123322236,SQL
123322236,Python
123322236,Redis
123322236,Hadoop
123322236,Airflow
123322236,ML
123322236,NLP
123322236,Docker
123322236,Kubernetes
123322236,Pandas
123322236,NumPy
123322236,PyTorch
123322236,Математика
123471220,Python
123471220,Hadoop
123471220,Spark
123471220,Hive
123471220,ML
123471220,NLP
123471220,Pandas
123471220,NumPy
123471220,Scikit-learn
123471220,PyTorch
123471220,XGBoost
123471220,CatBoost
123471220,LightGBM
123418753,SQL
123363737,SQL
123363737,DWH
123363737,ETL
123363737,ELT
123363737,Agile
123327732,SQL
123327732,Python
123327732,R
123327732,Power BI
123327732,Tableau
123327732,Excel
123327732,Google Sheets
123327732,ML
123327732,AI
123510162,SQL
123510162,R
123510162,Scrum
123510162,Agile
123510162,Jira
123510162,Confluence
123394509,SQL
123394509,Scrum
123394509,Agile
123394509,Kanban
123512216,Machine Learning
123334440,SQL
123334440,Python
123334440,Power BI
123334440,Tableau
123334440,Excel
123334440,PostgreSQL
123334440,MySQL
123334440,ClickHouse
123334440,ETL
123466601,SQL
123466601,Greenplum
123466601,Spark
123466601,Hive
123466601,Airflow
123466601,ETL
123466601,ELT
123466601,dbt
123466601,Git
123388358,SQL
123528412,Excel
123528412,Scrum
123528412,Agile
123413739,Python
123413739,Pandas
123413739,NumPy
123413739,SciPy
123413739,Математика
123413739,Статистика
123413739,Теория Вероятностей
123414998,SQL
123414998,Python
123414998,PostgreSQL
123414998,Kafka
123414998,Scrum
123414998,Agile
123414998,CI/CD
123414998,Docker
123517347,1C
123517347,Qlik
123517347,Excel
123328494,SQL
123328494,Agile
123328494,Jira
123328494,Confluence
123452316,SQL
123452316,Python
123452316,Excel
122243475,SQL
122243475,Java
122243475,Математика
123372385,SQL
123372385,Power BI
121960531,Excel
123332962,Python
123332962,Excel
123332962,Airflow
123332962,ETL
123332962,ML
123332962,MLflow
123332962,Confluence
123332962,Kubernetes
123332962,REST API
123363422,SQL
123363422,Python
123496717,Jira
123496717,Confluence
123518369,Agile
123518369,Kanban
123518369,Jira
123518369,Confluence
123389268,SQL
123389268,REST API
123389137,SQL
123414215,SQL
123414215,Python
123414215,Hadoop
123414215,Airflow
123414215,ETL
123217022,SQL
123217022,Python
123217022,Tableau
123217022,Excel
123217022,MySQL
123217022,ClickHouse
123217022,Pandas
123217022,NumPy
123217022,Scikit-learn
123338002,SQL
123430976,Excel
123491463,SQL
123491463,Python
123491463,PostgreSQL
123491463,MySQL
123491463,ClickHouse
123491463,Airflow
123491463,ETL
123491463,Git
123491463,Docker
123491463,Linux
123491463,Pandas
123491463,NumPy
121514817,Agile
123429000,Excel
122219643,Git
123429000,Google Sheets
122059039,SQL
122059039,Python
122059039,Excel
122059039,MS SQL
123470084,Python
123470084,1C
123470084,Excel
123470084,Pandas
123470084,NumPy
123295695,Excel
123441816,SQL
123441816,Python
123441816,Superset
123441816,Hive
123441816,DWH
123441816,dbt
123441816,Git
123441816,CI/CD
123441816,Статистика
123478924,SQL
123478924,Python
123478924,PostgreSQL
123478924,ClickHouse
123478924,Spark
123478924,Airflow
123478924,ETL
123478924,Linux
123478924,Pandas
123437532,Scrum
123437532,Agile
123437532,Jira
123437532,Confluence
123437532,REST API
123493526,Excel
123378893,CI/CD
123378893,Linux
123437993,Java
123393436,ML
122151414,Статистика
123316705,SQL
123316705,Python
123316705,Plotly
123316705,Matplotlib
123316705,Seaborn
123316705,Spark
123316705,Airflow
123316705,ML
123316705,Git
123428415,SQL
122872493,SQL
122872493,Python
122872493,Metabase
122872493,Plotly
122872493,PostgreSQL
122872493,MySQL
122872493,ClickHouse
122872493,MongoDB
122872493,Kafka
122872493,Jira
122872493,Confluence
122872493,Docker
122872493,Pandas
123335716,SQL
123335716,Python
123335716,Tableau
123335716,Superset
123335716,Excel
123335716,Jira
123407913,SQL
123407913,Python
123407913,Tableau
123407913,Greenplum
123296591,SQL
123296591,Python
123296591,Tableau
123307201,SQL
123307201,Python
123307201,Power BI
123307201,Tableau
123307201,Looker
123307201,Excel
123307201,Google Sheets
123307201,ML
123473481,SQL
123473481,Oracle
123193109,Python
123193109,ETL
123193109,AI
122268218,PostgreSQL
122268218,ETL
122268218,ELT
123312834,Excel
123312834,Google Sheets
123396239,SQL
123396239,Python
123537247,SQL
123537247,Scrum
123537247,Kanban
123294748,SQL
123294748,Agile
123294748,Jira
123294748,Confluence
123430633,Looker
123430633,Excel
123430633,Google Sheets
123264523,SQL
123264523,Python
123264523,Excel
123264523,Google Sheets
123264523,PostgreSQL
123264523,MySQL
123264523,MS SQL
123264523,Oracle
123264523,ClickHouse
123264523,Redis
123264523,Kubernetes
123532837,SQL
123532837,MS SQL
123532837,Jira
123532837,Confluence
123532837,REST API
123481546,SQL
123481546,Python
123481546,Java
123481546,Hadoop
123481546,Spark
123481546,Airflow
123481546,DWH
123481546,Data Lake
123481546,Git
123481546,Docker
123481546,Kubernetes
123481546,Linux
123481546,REST API
123441137,Excel
123477303,SQL
123011506,Excel
123011506,Google Sheets
123312877,SQL
123327667,SQL
123327667,Excel
123327667,REST API
123093917,SQL
123093917,Azure
123093917,Scrum
123093917,Agile
123093917,Kanban
123093917,REST API
123295946,SQL
123295946,Excel
123396614,SQL
123396614,Python
123396614,Power BI
123396614,Superset
123396614,Excel
123396614,MS SQL
123396614,Hadoop
123396614,Airflow
123393843,SQL
123393843,Java
123393843,PostgreSQL
123393843,Kafka
123393843,ETL
123393843,Agile
123393843,Jira
123393843,Confluence
123393843,Kubernetes
123535729,SQL
123535729,Kubernetes
123462566,SQL
123462566,PostgreSQL
123462566,ETL
123334979,SQL
123334979,Scrum
123334979,Agile
123334979,Jira
123334979,REST API
123440729,Excel
123347249,SQL
123336337,SQL
123093833,SQL
123093833,Tableau
123093833,Excel
123382820,Excel
123417528,Excel
123325694,SQL
123325694,Scrum
123325694,Agile
123325694,Kanban
123325694,Jira
123325694,Confluence
123325694,REST API
123484103,Python
123484103,Excel
123484103,Google Sheets
123484103,Matplotlib
123484103,PostgreSQL
123484103,ML
123484103,Pandas
123484103,NumPy
123484103,Scikit-learn
123484103,XGBoost
123388264,SQL
123388264,PostgreSQL
123388264,MySQL
123388264,MongoDB
123388264,Redis
123388264,Git
123388264,REST API
123393362,SQL
123393362,Python
123393362,PostgreSQL
123393362,MongoDB
123393362,Redis
123393362,Kafka
123393362,REST API
123393362,WebSocket
123310345,SQL
123310345,Python
123310345,Power BI
123310345,Data Studio
123310345,PostgreSQL
123333231,SQL
123333231,Python
123333231,Power BI
123333231,Excel
123333231,DWH
123333231,Machine Learning
123354319,SQL
123354319,Python
123354319,Superset
123354319,ClickHouse
123354319,Airflow
123354319,ETL
123432430,SQL
123432430,Python
123432430,PostgreSQL
123432430,ClickHouse
123432430,Kafka
123432430,AI
123432430,Jira
123432430,Git
123432430,REST API
123531591,SQL
123531591,Scrum
123531591,Agile
123421145,SQL
123421145,Python
123421145,ClickHouse
123421145,Hadoop
123421145,Spark
123421145,Airflow
123421145,AWS
123421145,DWH
123421145,ETL
123421145,ELT
123421145,Data Vault
123421145,Data Lake
123421145,Data Mesh
123421145,dbt
123421145,Git
123421145,CI/CD
123421145,Docker
123421145,Kubernetes
123421145,Bash
123311993,SQL
123311993,Python
123311993,Excel
123311993,PostgreSQL
123311993,MS SQL
123311993,Математика
123434225,SQL
123434225,Python
123434225,Superset
123434225,ClickHouse
123434225,Hadoop
123434225,Spark
123434225,Airflow
123434225,ETL
123434225,ML
123434225,AI
123434225,Git
123367769,SQL
123367769,Python
123367769,Redash
123367769,MySQL
123367769,ClickHouse
123367769,Airflow
123367769,ETL
123367769,ML
123432792,SQL
123432792,Power BI
123432792,Excel
122591010,SQL
122591010,Python
122591010,Power BI
122591010,Excel
120473214,SQL
120473214,Scrum
120473214,Kanban
122997085,Agile
122997085,Kanban
123253170,R
123475000,SQL
123475000,MySQL
123475000,ClickHouse
123466952,Excel
123358029,SQL
123358029,Excel
123358029,Confluence
120293628,SQL
120293628,Python
120293628,R
120293628,Power BI
120293628,Excel
123165000,AI
120293628,ClickHouse
120293628,Математика
120293628,Статистика
123268069,SQL
123394069,SQL
123427346,SQL
123427346,Kafka
123526129,Excel
121593730,SQL
123522417,SQL
123463754,SQL
123463754,Python
123463754,PostgreSQL
123463754,CI/CD
123463754,Docker
123463754,Kubernetes
123466755,SQL
123466755,Python
123466755,Excel
123358122,Java
123358122,Kafka
123358122,Jira
123358122,Confluence
123358122,Git
123442429,SQL
123442429,Python
123442429,Excel
123535766,Excel
123456564,Excel
123264300,SQL
123264300,Python
123264300,ML
122428707,SQL
122428707,Python
122428707,Looker
119501061,SQL
119501061,Jira
119501061,Confluence
123524284,SQL
123524284,Python
123524284,Superset
123524284,Excel
123293896,SQL
123293896,Python
123293896,Power BI
123293896,Tableau
123293896,ClickHouse
123293896,Greenplum
123293896,Airflow
123293896,ETL
123293896,ML
123394166,SQL
123394166,Python
123394166,R
123394166,Power BI
123394166,Tableau
123394166,Excel
123355852,SQL
123355852,Python
123355852,ClickHouse
123355852,Spark
123355852,Airflow
123355852,ETL
123355852,ELT
123355852,Git
123488908,Scrum
123488908,Kanban
123488908,Jira
123488908,Confluence
121227692,SQL
121227692,Python
121227692,Excel
123423458,SQL
123423458,Python
123423458,Power BI
123423458,Tableau
123331476,SQL
123331476,Power BI
123331476,Excel
122219621,SQL
122219621,MongoDB
122219621,Jira
122219621,Confluence
122219621,Git
122219621,REST API
122957007,SQL
123307923,Excel
123530602,SQL
123530602,Python
123530602,Excel
121276678,ML
121276678,Математика
121276678,Статистика
123035732,SQL
123035732,Python
123035732,R
123035732,Power BI
123352029,SQL
123352029,R
123352029,Java
123352029,PostgreSQL
123352029,Git
123352029,CI/CD
123352029,Kubernetes
123352029,REST API
123417506,Python
123417506,Математика
123471173,SQL
123494673,Power BI
123494673,Looker
123494673,Excel
123494673,Data Studio
123480985,SQL
123523102,SQL
123523102,Python
123523102,PostgreSQL
123523102,ETL
123523102,ELT
123523102,Pandas
123523102,NumPy
123523102,REST API
121485284,Excel
123337396,SQL
123337396,Python
123337396,Power BI
123337396,Tableau
123337396,Excel
123337396,PostgreSQL
123337396,Oracle
123337396,Spark
123359017,SQL
123359017,Java
123359017,ClickHouse
123070577,SQL
123070577,REST API
123464965,Python
123464965,Java
123464965,PostgreSQL
123464965,Kafka
123464965,NLP
123467088,SQL
123467088,Tableau
123467088,MS SQL
123350454,SQL
123350454,Power BI
123350454,Excel
123419341,SQL
123419341,Excel
122557608,AI
122990896,SQL
121248131,SQL
121248131,Power BI
121248131,Excel
123531073,Python
123531073,1C
123531073,Qlik
123531073,Excel
123531073,ETL
123531073,Pandas
123531073,Scikit-learn
123394602,Python
123394602,ClickHouse
123394602,BigQuery
123394602,Hadoop
123394602,Kafka
123394602,Airflow
123394602,Databricks
123394602,ETL
123394602,Data Lake
123394602,dbt
123394602,Kubernetes
121717726,SQL
121717726,Power BI
121717726,Superset
123417047,PostgreSQL
123417047,MongoDB
123417047,Redis
123417047,Cassandra
123417047,Agile
123417047,Jira
123417047,Confluence
123417047,Kubernetes
121317033,SQL
122428717,Excel
122428717,Статистика
123334795,SQL
123469364,Airflow
123469364,ML
123469364,AI
123469364,NLP
123469364,MLflow
123469364,Git
123469364,Docker
123469364,Pandas
123469364,NumPy
123469364,PyTorch
123362166,SQL
123362166,ClickHouse
123362166,Kafka
123362166,Airflow
123362166,ETL
123514771,Excel
123514771,Google Sheets
122703895,SQL
122703895,PostgreSQL
122703895,Oracle
122703895,Greenplum
122703895,DWH
122703895,ETL
122703895,ELT
122703895,Jira
122703895,Confluence
123477508,Power BI
123477508,Tableau
123477508,Excel
122800531,SQL
122800531,Kafka
122800531,Jira
122800531,Confluence
123538493,SQL
123538493,Python
123538493,Power BI
123538493,Tableau
123538493,DWH
123538493,ETL
123538493,ML
123538493,Pandas
123001201,SQL
122305450,SQL
122305450,Excel
122305450,Jira
122305450,Confluence
121473225,Excel
123400447,Python
123400447,ClickHouse
123400447,Kafka
123400447,Airflow
123400447,DWH
123400447,ETL
123400447,ML
123424699,SQL
123424699,Superset
123424699,Excel
123424699,MS SQL
123424699,Confluence
123365935,SQL
123365935,Python
123365935,Power BI
123365935,Tableau
123365935,Qlik
123365935,Oracle
123376577,Excel
123376577,Google Sheets
123410646,SQL
123410646,REST API
122574571,SQL
122574571,Python
122574571,PostgreSQL
123526488,SQL
123526488,Python
123526488,Greenplum
123526488,Hadoop
123526488,Spark
123526488,Hive
123526488,Kafka
123526488,Airflow
123526488,DWH
123526488,ETL
123526488,ELT
123526488,dbt
123533293,SQL
123533293,Python
123533293,Excel
123227836,Excel
123227836,Google Sheets
123480843,SQL
123480843,Python
123480843,Excel
123507416,ML
123507416,AI
123507416,Docker
123507416,PyTorch
123194252,SQL
123194252,Python
123194252,Математика
123194252,Статистика
123408335,SQL
123408335,Kafka
123408335,REST API
123408335,WebSocket
123350781,SQL
123350781,Python
123350781,Hadoop
123350781,Spark
123350781,Kafka
123350781,Airflow
123350781,Jira
123350781,Confluence
123350781,Git
123350781,CI/CD
123274447,Agile
121878059,MySQL
121878059,Oracle
121878059,Kafka
121878059,Jira
121878059,Confluence
121878059,REST API
122351029,SQL
122351029,1C
122351029,Power BI
122351029,Tableau
122351029,Excel
123473924,Статистика
123161280,SQL
123161280,Power BI
123161280,Excel
123427004,SQL
123427004,Python
123427004,Scala
123427004,Hadoop
123427004,Spark
123427004,Airflow
123427004,DWH
123427004,ETL
123453740,SQL
123518632,SQL
123518632,Greenplum
123518632,DWH
123518632,Jira
120428106,SQL
120428106,Python
120428106,Airflow
120428106,ETL
120428106,dbt
122362806,SQL
122362806,Python
122362806,R
122362806,Power BI
122362806,Excel
123384419,SQL
123384419,Python
123470721,SQL
123470721,Python
123470721,R
123470721,Power BI
123470721,Tableau
123470721,Excel
123470721,Airflow
123518227,SQL
123518227,Excel
123526880,Excel
121569200,Excel
121569200,Google Sheets
121850363,SQL
121850363,Python
121850363,Power BI
121850363,Excel
122831455,Excel
123377132,SQL
123377132,Power BI
122274856,SQL
122274856,PostgreSQL
122274856,Agile
122274856,Jira
122274856,Confluence
122274856,Kubernetes
122954711,SQL
123356243,Excel
122150405,SQL
122150405,Python
122150405,Статистика
123166981,SQL
123166981,PostgreSQL
123166981,ClickHouse
123166981,Kafka
123166981,REST API
123412610,Excel
123467058,SQL
123467058,PostgreSQL
123467058,ClickHouse
123467058,MongoDB
123467058,Airflow
123467058,AWS
123467058,Azure
123467058,ETL
123467058,Informatica
123467058,Talend
123467058,SSIS
123467058,Apache NiFi
122219643,SQL
122219643,MongoDB
122219643,Jira
122219643,Confluence
123292298,Excel
123292298,Google Sheets
123460487,Excel
123496598,Excel
123527022,Python
123527022,Excel
123474856,Excel
123531794,Tableau
123531794,Excel
122367668,SQL
122367668,Power BI
122367668,Tableau
122367668,Scrum
122367668,Agile
122367668,Kanban
123455878,Excel
123489191,Excel
123303421,CI/CD
123538114,SQL
123538114,Python
123538114,Excel
123538114,Google Sheets
123538114,DWH
115248288,SQL
121091720,SQL
121091720,Python
121091720,R
121091720,Power BI
121091720,Tableau
121091720,Excel
121091720,Hadoop
121091720,Azure
123212734,SQL
123212734,Python
123212734,Excel
123212734,MS SQL
123212734,BigQuery
123537233,SQL
122750913,SQL
122750913,Power BI
122750913,Qlik
122750913,Superset
122750913,Oracle
122750913,Greenplum
122750913,DWH
122750913,ETL
122750913,Jira
122750913,Confluence
123528684,SQL
123528684,PostgreSQL
123528684,Kafka
123231443,SQL
123231443,Python
123231443,Tableau
123231443,Metabase
122752313,Excel
123378101,SQL
123378101,Excel
123378101,MS SQL
123498221,SQL
123498221,Agile
123498221,Jira
123498221,Confluence
120599915,Excel
122383283,Excel
123072295,SQL
123072295,Excel
123072295,Jira
123384766,R
123384766,Power BI
123311757,Python
123311757,AI
122545260,PostgreSQL
122545260,MongoDB
122545260,Redis
122545260,Cassandra
122545260,Agile
122545260,Jira
122545260,Confluence
122545260,Kubernetes
120718987,SQL
120718987,Python
120718987,Power BI
120718987,Tableau
120718987,Excel
120718987,Matplotlib
120718987,Seaborn
120718987,PostgreSQL
120718987,MySQL
120718987,BigQuery
120718987,Airflow
120718987,Yandex Cloud
120718987,Git
120718987,Pandas
120718987,NumPy
120718987,Scikit-learn
123426108,REST API
119085748,SQL
119085748,Python
119085748,Excel
119085748,Математика
123472676,Excel
122593786,Excel
122593786,Google Sheets
123101920,SQL
123101920,Python
123101920,Matplotlib
123101920,Seaborn
123101920,ETL
123101920,Pandas
123101920,NumPy
123433149,SQL
123433149,Python
123433149,R
123433149,Excel
123433149,Google Sheets
122205142,SQL
122205142,Hadoop
122205142,Spark
122205142,Hive
122205142,DWH
123320196,Excel
123143532,SQL
123143532,Python
123143532,Tableau
123143532,Excel
123531563,Excel
122202458,Excel
123514381,Excel
122583676,SQL
122583676,Python
122583676,Tableau
122583676,PostgreSQL
122583676,ClickHouse
122583676,ETL
122680860,SQL
122680860,Python
122680860,Power BI
122680860,Tableau
122680860,Superset
122680860,Matplotlib
122680860,Seaborn
122680860,PostgreSQL
122680860,ClickHouse
122680860,Greenplum
122680860,Pandas
122680860,Scikit-learn
123330722,R
123330722,ML
123330722,Feature Engineering
120292712,SQL
120292712,Python
120292712,Excel
123472637,Scrum
123472637,Kanban
123396389,Excel
123484869,SQL
123484869,Python
123484869,ClickHouse
123484869,Hadoop
123484869,Spark
123484869,Hive
123484869,Airflow
123484869,dbt
123484869,ML
123484869,Jira
123484869,Confluence
123484869,Git
123536791,PostgreSQL
123461902,SQL
123461902,Python
123461902,ClickHouse
123461902,Greenplum
123461902,Spark
123461902,Hive
123461902,DWH
123461902,ETL
123461902,Git
123461902,Linux
123537713,Excel
123435373,SQL
123435373,Power BI
123435373,Tableau
123435373,Excel
123435373,Математика
123495163,SQL
123497194,Excel
123505316,Jira
123505316,Confluence
122274655,1C
122274655,Excel
122359235,Excel
123359407,SQL
123359407,Python
123359407,Power BI
123359407,Matplotlib
123359407,Pandas
123359407,NumPy
123302916,SQL
123302916,Python
123302916,Tableau
123302916,Spark
123302916,dbt
123302916,ML
123302916,Git
121220325,Excel
121220325,Статистика
123467724,Excel
122429954,Python
123186922,Agile
123394648,Power BI
123394648,Excel
122294494,SQL
122294494,Python
122294494,Tableau
122294494,Superset
122294494,ClickHouse
122294494,Spark
122294494,Airflow
122294494,ETL
122294494,ELT
122294494,Docker
123043283,SQL
123043283,Confluence
120403853,SQL
120237081,Excel
123274544,SQL
123274544,Python
123274544,ClickHouse
123428937,Power BI
123428937,Excel
123475361,Power BI
123475361,Tableau
123475361,Excel
123475361,Google Sheets
123327262,SQL
123327262,Tableau
123327262,Qlik
123327262,Excel
123441922,SQL
123441922,Python
123441922,Power BI
123441922,Tableau
123441922,Metabase
123441922,Superset
123441922,ClickHouse
123441922,Greenplum
123441922,Airflow
123441922,ETL
123441922,Git
123441922,Pandas
123441922,NumPy
123531942,Excel
122832928,SQL
122832928,Python
122832928,Tableau
122832928,Looker
122832928,Metabase
122832928,ETL
122832928,ML
122832928,Pandas
122832928,NumPy
122832928,SciPy
122832928,Scikit-learn
122832928,Статистика
123524885,Excel
123529103,Excel
123165000,SQL
123165000,Python
123414728,PostgreSQL
123414728,Oracle
123414728,Kafka
123414728,Agile
123414728,Linux
122410563,SQL
122410563,Python
122410563,R
122410563,Excel
122410563,Математика
122410563,Статистика
122513640,SQL
122513640,Python
122513640,Excel
122513640,ML
123146083,SQL
123146083,Python
123146083,Google Sheets
123146083,Pandas
123427228,SQL
123427228,Python
123427228,Power BI
123427228,Tableau
123427228,Excel
122928259,SQL
123455419,Excel
122542400,SQL
122542400,Python
122542400,R
122542400,Excel
122542400,Google Sheets
122542400,Математика
123216440,SQL
123216440,Jira
123216440,Confluence
123512027,Excel
123216749,Python
123216749,R
123216749,AWS
123216749,GCP
123216749,Machine Learning
123216749,ML
123216749,AI
123216749,NLP
123216749,Docker
123216749,TensorFlow
123216749,PyTorch
123216749,REST API
123414913,Excel
121696400,Power BI
121696400,Tableau
121696400,Excel
123120151,Excel
123328556,SQL
123328556,Power BI
123328556,Tableau
123328556,Metabase
123418756,ClickHouse
123418756,Snowflake
123418756,Redshift
123418756,AWS
123355450,SQL
123355450,Python
123355450,Power BI
123355450,Excel
120863837,SQL
120863837,Python
120863837,ClickHouse
122429414,Excel
123067413,Power BI
123067413,Excel
123067413,Статистика
123438564,Excel
123415215,SQL
123415215,Excel
123415215,Confluence
122278657,SQL
122278657,Python
122278657,ClickHouse
122278657,DWH
122278657,ML
123486712,Excel
123328357,SQL
123328357,Python
123328357,PostgreSQL
123328357,MySQL
123328357,Oracle
123328357,ClickHouse
123328357,Airflow
123328357,Pandas
123328357,NumPy
123328357,SciPy
123328357,request
120719059,SQL
120719059,Python
120719059,Power BI
120719059,Tableau
120719059,Matplotlib
120719059,Seaborn
120719059,PostgreSQL
120719059,MySQL
120719059,BigQuery
120719059,Airflow
120719059,Yandex Cloud
120719059,Git
120719059,Docker
120719059,Pandas
120719059,NumPy
120719059,Scikit-learn
123485018,Power BI
123485018,Excel
122349685,SQL
122787323,SQL
122787323,R
122787323,Scrum
122787323,Agile
122787323,Kanban
122250136,SQL
122250136,Python
122250136,Matplotlib
122250136,Pandas
122250136,NumPy
123521344,SQL
123521344,Power BI
123521344,Excel
123209491,Excel
123317038,SQL
123317038,Python
123317038,ClickHouse
123317038,Hadoop
123317038,Airflow
123317038,DWH
123317038,ETL
123317038,AI
123331190,Excel
123416103,Excel
123453372,SQL
123453372,Python
123453372,Excel
123354311,SQL
123354311,Agile
123354311,Jira
123354311,Confluence
123410554,SQL
123410554,Superset
123410554,PostgreSQL
123410554,ClickHouse
123410554,Hadoop
123410554,Spark
123429093,Математика
122560725,Excel
122560725,Google Sheets
123465322,SQL
123465322,Python
123465322,Hadoop
123465322,Spark
123494575,SQL
123494575,Python
123494575,Java
123494575,Kafka
123494575,ML
123494575,AI
123494575,Scrum
123494575,Agile
121680304,Power BI
122426912,SQL
122426912,Excel
123454623,SQL
120920282,SQL
120920282,Confluence
120920282,CI/CD
122983103,Linux
123083052,SQL
123419964,Python
123419964,Power BI
123419964,Scrum
123441841,SQL
123441841,Python
123441841,Matplotlib
123441841,Seaborn
123441841,Hadoop
123441841,Spark
123441841,Hive
123441841,Pandas
123441841,NumPy
123441841,SciPy
123441841,Scikit-learn
123365630,Excel
123529954,SQL
123333368,SQL
123333368,Python
123333368,1C
123333368,Jira
123333368,REST API
123537192,SQL
123537192,Python
123537192,Excel
123537192,Oracle
123537192,Airflow
123537192,DWH
123537192,ETL
123537192,Data Vault
123537192,Informatica
123537192,ML
123537192,AI
123441573,SQL
123441573,Python
123441573,Kafka
123441573,Airflow
123441573,Jira
123441573,Confluence
123441573,Git
123441573,CI/CD
123441573,Docker
123441573,Pandas
123461280,Hadoop
123461280,DWH
123461280,ETL
122819061,SQL
122819061,Python
122819061,R
122819061,ETL
122819061,dbt
122819061,Pandas
122819061,NumPy
122819061,REST API
123523550,Excel
122426206,Excel
119864390,SQL
119864390,Agile
119864390,Jira
119864390,Confluence
123367407,SQL
123367407,Python
123367407,Excel
122681207,Scrum
123155433,Excel
123522757,SQL
123522757,Power BI
123522757,Excel
123537970,SQL
123537970,Python
123537970,Power BI
123537970,Tableau
123537970,Metabase
123537970,DWH
123537970,ETL
123537970,ELT
123314444,Excel
110631095,SQL
110631095,Excel
122929997,SQL
122929997,Python
122929997,Tableau
122929997,Matplotlib
122929997,ML
122929997,Pandas
122929997,NumPy
122929997,SciPy
123429854,SQL
123429854,1C
123429854,Scrum
123429854,Kanban
122318072,Excel
122924268,Python
122924268,ML
122924268,Git
122924268,CI/CD
122924268,Docker
122924268,Linux
122924268,Bash
122924268,Pandas
122924268,NumPy
123532960,SQL
123532960,Python
123532960,Tableau
123532960,Superset
123532960,Matplotlib
123532960,Seaborn
123532960,Pandas
123532960,NumPy
123532960,SciPy
122810444,SQL
122810444,Power BI
122810444,Tableau
122810444,PostgreSQL
122810444,Spark
122810444,DWH
122810444,ETL
122810444,ELT
122810444,ML
122810444,Kubernetes
121405599,SQL
122150882,SQL
122150882,Tableau
122150882,Excel
122150882,Jira
122304336,SQL
122304336,Python
122304336,Excel
123434079,SQL
123434079,Excel
120362231,SQL
120362231,Python
122871176,Excel
123373303,SQL
123373303,Java
123373303,PostgreSQL
123373303,Oracle
123373303,Kafka
123373303,AI
123373303,Jira
123373303,Confluence
123373303,Docker
123373303,Kubernetes
123301959,Scrum
123301959,Jira
123301959,Confluence
123332845,Excel
123489321,SQL
123489321,Python
123489321,Power BI
123489321,Tableau
123489321,Excel
123489321,ClickHouse
123489321,MongoDB
123489321,Cassandra
123489321,Hadoop
123489321,Spark
123489321,Alteryx
123489321,Pandas
123489321,NumPy
123489321,Scikit-learn
123461951,Excel
123461951,Математика
122011973,SQL
122011973,Python
122011973,R
122011973,Power BI
122011973,Tableau
122011973,Excel
123506143,SQL
123506143,Power BI
123506143,Tableau
123506143,Excel
123506143,ETL
123465532,Математика
123465532,Статистика
122460626,SQL
122460626,Power BI
122460626,ETL
122365038,Excel
123140050,SQL
123140050,Python
123140050,MongoDB
123140050,ML
123430201,Jira
123443163,Jira
123443163,Confluence
123390859,Excel
123390859,Математика
123312162,SQL
123312162,Python
118841680,SQL
118841680,Jira
123425171,Excel
121421136,Excel
123497396,SQL
123441992,Excel
118304479,SQL
123455805,SQL
123455805,Python
123455805,Excel
123496680,SQL
123496680,PostgreSQL
123496680,Kafka
123496680,AI
123496680,Jira
123496680,Confluence
123496680,REST API
123496680,WebSocket
122793057,PostgreSQL
122793057,AI
123337048,SQL
123337048,DWH
123337048,ETL
123485178,Excel
121966955,SQL
121966955,Python
121966955,Scala
121966955,Java
121966955,Spark
121966955,Airflow
121966955,ETL
121966955,ELT
122637990,SQL
122637990,Python
122823770,SQL
122823770,Python
122823770,ETL
123010849,SQL
123466396,SQL
123466396,Agile
123466396,Jira
123466396,Confluence
122515756,SQL
122515756,Java
122242421,SQL
122242421,Agile
122242421,Jira
122242421,Confluence
122431468,SQL
122431468,Python
122431468,Power BI
122431468,Tableau
116751191,Power BI
122991526,Excel
122991526,Математика
123369372,SQL
123369372,Docker
123369372,Kubernetes
123369372,Linux
123142146,SQL
123142146,Power BI
123142146,Tableau
123142146,Excel
121462418,SQL
121462418,Python
121462418,Power BI
121462418,Tableau
121462418,Metabase
121462418,MySQL
121462418,ClickHouse
121462418,Greenplum
121462418,ETL
122481379,SQL
122481379,Python
122481379,PostgreSQL
122481379,Git
122481379,Математика
123363935,SQL
123363935,Python
123363935,R
123363935,Excel
123363935,MS SQL
123363935,Oracle
123412538,Excel
123412538,Google Sheets
123472267,SQL
123472267,Python
123472267,PostgreSQL
123472267,ClickHouse
123472267,Snowflake
123472267,Kafka
123472267,Airflow
123472267,AWS
123472267,Azure
123472267,GCP
123472267,ETL
123472267,ELT
123472267,dbt
123472267,ML
123472267,MLflow
123472267,Git
123472267,CI/CD
123472267,Docker
123472267,Pandas
123472267,REST API
123334393,SQL
123334393,Python
123334393,Metabase
123334393,Airflow
123334393,ETL
123334393,Git
123442013,Power BI
123442013,Google Sheets
123376369,Power BI
123376369,Tableau
123376369,Excel
123029570,Python
123029570,Java
123029570,Oracle
123029570,Git
123110726,1C
123354102,Jira
123354102,Confluence
123354102,Математика
123361636,SQL
123361636,Power BI
123361636,Looker
123361636,Excel
123441528,Excel
120030120,SQL
120030120,Python
120030120,Power BI
120030120,Tableau
120030120,ClickHouse
120030120,Cassandra
120030120,Git
123333772,SQL
123333772,Python
123333772,Power BI
123333772,Tableau
123333772,Excel
123333772,Airflow
123333772,ETL
123333772,Alteryx
122010283,Excel
122215057,SQL
122215057,Power BI
122215057,Excel
123245883,SQL
123245883,Python
123245883,Airflow
123245883,Git
121777698,SQL
121777698,Python
121777698,Scrum
121777698,Kanban
121777698,Jira
121777698,Confluence
122424147,SQL
122424147,Tableau
122424147,Qlik
122424147,Oracle
122424147,DWH
123263201,Excel
122636963,Jira
122636963,Confluence
122848887,Excel
123355385,R
123355385,Jira
123355385,Confluence
123420369,SQL
123420369,Python
123420369,ClickHouse
123420369,Airflow
123420369,DWH
123420369,ETL
122996058,Linux
123116761,Python
123116761,MongoDB
123459813,SQL
123459813,Excel
123459813,Математика
122288502,SQL
122288502,Java
122288502,Kafka
122288502,AI
122288502,REST API
123113473,SQL
123113473,Python
123113473,Excel
123113473,PostgreSQL
123113473,MS SQL
123113473,Airflow
123113473,DWH
123113473,ETL
123113473,ELT
123113473,Git
123113473,Pandas
123113473,NumPy
123113473,REST API
122272056,SQL
122272056,Power BI
122272056,Tableau
122272056,Superset
122272056,Excel
122909651,SQL
122909651,Python
122909651,Power BI
122909651,Tableau
122909651,Excel
123260199,ML
123442192,Python
123442192,Power BI
123442192,Excel
122202382,SQL
122202382,Scrum
122202382,Agile
122202382,Kanban
122202382,Jira
122202382,Confluence
123431080,SQL
123431080,Python
123431080,Tableau
123431080,Qlik
123431080,Superset
123431080,PostgreSQL
123431080,ClickHouse
123431080,Linux
123431080,Pandas
123431080,NumPy
123288055,SQL
123288055,Python
123288055,ETL
120683867,Excel
120683867,Google Sheets
120683867,Статистика
123329089,SQL
123329089,Python
123329089,Power BI
123329089,Tableau
123329089,Excel
122426842,SQL
122426842,Python
122426842,PostgreSQL
122426842,ClickHouse
122426842,Greenplum
122426842,Airflow
122426842,ETL
122426842,ELT
122426842,dbt
122426842,Scrum
122426842,Agile
122943293,SQL
122943293,Agile
122943293,Jira
122943293,Confluence
122943293,REST API
123436483,SQL
123436483,Python
123436483,Superset
123436483,Plotly
123436483,Matplotlib
123436483,ClickHouse
123436483,Greenplum
123436483,BigQuery
123436483,Hadoop
123436483,Spark
123436483,Pandas
122717076,SQL
122717076,Power BI
122717076,Excel
123377889,SQL
123377889,Python
123377889,ClickHouse
123377889,Greenplum
123377889,Hadoop
123377889,DWH
123377889,ETL
123377889,Data Vault
123377889,Agile
123091015,SQL
123091015,CI/CD
123091015,REST API
123456829,SQL
123456829,Power BI
123456829,Excel
123455207,Excel
122681354,Power BI
122681354,Excel
122681354,Google Sheets
123300663,SQL
123300663,Python
123300663,Excel
123300663,Математика
123300663,Статистика
123324017,Power BI
123324017,Excel
122951631,SQL
122951631,Python
122951631,Superset
122951631,Excel
122951631,PostgreSQL
122951631,MySQL
122951631,Airflow
122951631,ETL
123520346,SQL
123520346,Excel
123396779,Excel
123396965,SQL
123396965,1C
123442453,SQL
123442453,Python
123442453,Power BI
123442453,Excel
123442453,Oracle
123229935,SQL
123229935,PostgreSQL
123229935,MySQL
123229935,MongoDB
123229935,Redis
123229935,Git
122842754,SQL
122842754,Power BI
122842754,Tableau
122842754,Excel
122842754,Data Studio
122842754,Confluence
123295540,Python
123295540,Java
123295540,Superset
123295540,Excel
123295540,Математика
123411207,Power BI
123411207,Tableau
123411207,Excel
123411207,Google Sheets
122354864,SQL
122354864,Excel
122572828,SQL
122572828,Python
122572828,Confluence
123414605,SQL
123388606,SQL
123388606,Python
123388606,Power BI
123388606,Tableau
123388606,Data Studio
122365749,SQL
122365749,Python
122545805,SQL
122881613,Power BI
122881613,Excel
123311668,Excel
123320099,SQL
123320099,Python
123320099,Excel
119867021,SQL
119867021,Python
119867021,Power BI
119867021,Excel
119867021,PostgreSQL
119867021,ETL
123438418,Excel
123324957,Excel
122971363,Python
122971363,PostgreSQL
123373941,Excel
123424957,Excel
123424957,Статистика
123441717,Python
123441717,ML
123441717,AI
123441717,Deep Learning
123441717,NLP
123441717,Pandas
123441717,NumPy
123441717,SciPy
123441717,Scikit-learn
123441717,TensorFlow
123441717,PyTorch
121043813,SQL
121043813,Python
121043813,Power BI
121043813,Tableau
121043813,PostgreSQL
121043813,ClickHouse
121043813,DWH
121043813,ETL
121043813,dbt
121043813,Git
121043813,CI/CD
123533004,SQL
123533004,Excel
123337998,SQL
123337998,PostgreSQL
123337998,Scrum
123337998,Agile
123337998,Jira
123337998,Confluence
123337998,CI/CD
123467691,SQL
123467691,Power BI
123467691,Excel
123268847,SQL
123268847,Python
123268847,Power BI
123268847,Tableau
123268847,Metabase
123268847,Superset
123268847,Matplotlib
123268847,PostgreSQL
123268847,ClickHouse
123268847,Airflow
123268847,ETL
123268847,ELT
123268847,Pandas
123268847,NumPy
123535992,SQL
123535992,ClickHouse
123535992,Snowflake
123535992,BigQuery
123535992,Redshift
123535992,Airflow
123535992,Azure
123535992,ETL
123535992,ELT
123535992,Informatica
123202586,Python
123202586,R
123202586,Power BI
123202586,Tableau
123202586,Excel
123202586,Google Sheets
123304013,Excel
123361399,BigQuery
123390327,Excel
123450198,SQL
123450198,DWH
122267453,SQL
122267453,Python
122267453,PostgreSQL
122267453,ClickHouse
122267453,Hadoop
122267453,Spark
122267453,Airflow
122267453,ETL
122267453,ELT
123303100,Python
123303100,Hadoop
123303100,Airflow
123303100,Git
123303100,Pandas
123303100,NumPy
123430141,Excel
120489321,SQL
120489321,Excel
120489321,MS SQL
123311325,Excel
123319924,Excel
123319924,Google Sheets
92976573,Kafka
92976573,AI
122108455,SQL
122108455,Python
122108455,R
122108455,Tableau
122108455,ML
122108455,Математика
122108455,Статистика
123071477,SQL
123071477,Jira
123071477,Confluence
123071477,REST API
122096669,Excel
123355193,SQL
122312712,Excel
122618117,Excel
121205178,SQL
121205178,Oracle
122274573,Python
122274573,Power BI
122274573,Tableau
122274573,Qlik
122274573,Excel
123324237,1C
123324237,Excel
123335328,SQL
123335328,ClickHouse
123335328,DWH
123335328,Data Vault
123335328,dbt
122562335,SQL
122562335,Excel
122562335,Jira
122562335,Confluence
123322482,Power BI
123322482,Excel
123322482,Google Sheets
123211053,SQL
123211053,Excel
122939241,Excel
123297487,Excel
123421136,SQL
123421136,Python
123421136,ETL
123421136,ML
122332376,Математика
123062259,Scrum
123062259,Agile
123313035,SQL
123313035,Python
123361934,Excel
123454958,Confluence
121568825,SQL
121568825,Python
121568825,Power BI
121568825,Tableau
121568825,PostgreSQL
121568825,Oracle
121568825,DWH
121568825,ETL
121568825,ML
121568825,Pandas
121568825,NumPy
121568825,Scikit-learn
123358107,SQL
123358107,Python
123358107,R
123358107,Power BI
123358107,Tableau
123358107,Excel
123358540,Excel
121364798,Jira
121364798,Confluence
123311470,A/B тестирование
123429209,Excel
123486554,Excel
123302212,SQL
123302212,Python
123302212,Power BI
123302212,Excel
123302212,ETL
123302212,Математика
122539281,Google Sheets
123204278,Excel
123204278,Google Sheets
123233139,Power BI
123233139,Tableau
123233139,Excel
123423040,SQL
123423040,Python
123423040,Power BI
123423040,Excel
122703383,SQL
122703383,Python
122703383,PostgreSQL
122703383,MySQL
122703383,MS SQL
122703383,Oracle
122703383,ClickHouse
122703383,Kafka
122703383,Airflow
122703383,AWS
122703383,Azure
122703383,GCP
122703383,ETL
122703383,ELT
123313192,SQL
123313192,Python
123313192,ETL
123268933,Excel
122314528,SQL
123335471,SQL
123335471,Python
123335471,Java
123335471,ClickHouse
123335471,Greenplum
123335471,Hadoop
123335471,Spark
123335471,Airflow
123335471,ML
123335471,Docker
123335471,Kubernetes
123394433,SQL
123394433,Python
123394433,Excel
123482408,Excel
123501196,Excel
123470233,SQL
123470233,Python
123470233,Power BI
123470233,Matplotlib
123470233,Seaborn
123470233,Airflow
123470233,ETL
123470233,ELT
123470233,Git
122413768,Математика
123294914,SQL
123294914,Excel
123294914,Jira
123294914,Confluence
123511040,Agile
123511040,Jira
123511040,Confluence
123356507,SQL
123356507,Excel
123356507,PostgreSQL
123356507,MS SQL
123356507,Oracle
123356507,Hadoop
123356507,Informatica
123356507,AI
122762381,SQL
122762381,Python
122762381,Power BI
122762381,Tableau
122762381,Metabase
122762381,Excel
122762381,Google Sheets
122762381,Matplotlib
122762381,Seaborn
122762381,PostgreSQL
122762381,ClickHouse
122762381,BigQuery
122762381,Airflow
122762381,ETL
122762381,dbt
122762381,Jira
122762381,Pandas
122762381,NumPy
122762381,Scikit-learn
123307899,1C
122566632,SQL
122566632,ETL
122566632,Machine Learning
122566632,AI
122566632,REST API
122854189,Power BI
123331297,SQL
121458082,PostgreSQL
121458082,Oracle
121458082,Kafka
121458082,Scrum
121458082,Kanban
121458082,Jira
121458082,Confluence
121458082,Git
121458082,REST API
123397135,Excel
122756564,Python
122756564,Статистика
122419631,SQL
122419631,PostgreSQL
122419631,MS SQL
122419631,MongoDB
122419631,Scrum
122419631,Agile
123449284,SQL
123449284,Python
123449284,R
123449284,Power BI
123449284,Tableau
123449284,Математика
123449284,Статистика
121333263,SQL
121333263,Python
121333263,PostgreSQL
121333263,ClickHouse
121333263,Hadoop
121333263,Kafka
121333263,Airflow
121333263,ETL
121333263,ML
121333263,Docker
121333263,REST API
123151008,SQL
123151008,Python
123151008,Excel
123362010,SQL
123362010,Python
123362010,PostgreSQL
123362010,Greenplum
123362010,Spark
123362010,DWH
123362010,ETL
123362010,ELT
123362010,Data Vault
123362010,Data Lake
123362010,CI/CD
122271575,Scrum
122271575,Agile
122271575,Jira
123385991,Scala
123385991,Java
123385991,ClickHouse
123385991,Spark
123385991,Flink
123440349,SQL
123440349,Python
123440349,Scala
123440349,Java
123440349,PostgreSQL
123440349,Greenplum
123440349,Hadoop
123440349,Spark
123440349,Hive
122302414,SQL
122302414,ClickHouse
122302414,Kafka
122302414,DWH
122302414,ETL
122302414,Confluence
122302414,Git
122302414,CI/CD
122340963,SQL
122340963,Python
122340963,MS SQL
122340963,ClickHouse
122340963,Kafka
122340963,ETL
122340963,ELT
122340963,dbt
122340963,AI
122340963,CI/CD
122340963,Pandas
122988869,1C
122988869,Excel
122534240,Excel
123380302,1C
123380302,Excel
123003668,Python
123003668,R
123189255,Excel
122952492,SQL
122952492,Python
122952492,R
122952492,Power BI
122952492,Excel
122580774,SQL
122580774,Git
122580774,REST API
123327984,SQL
123327984,Python
123327984,Power BI
123327984,Tableau
123327984,Superset
123327984,ETL
122424409,Scrum
122424409,Kanban
122424409,Git
123316702,Python
123316702,PostgreSQL
123316702,ClickHouse
123316702,Greenplum
123316702,MongoDB
123316702,Redis
123316702,Cassandra
123316702,Hadoop
123316702,Spark
123316702,Hive
123316702,Airflow
123316702,ETL
123316702,Machine Learning
123316702,ML
123316702,MLflow
123316702,CI/CD
123431417,Excel
123293477,SQL
123293477,Python
123293477,Superset
123293477,Greenplum
123293477,Hadoop
123293477,ML
123293477,AI
123293477,Pandas
123293477,NumPy
122515386,Jira
122515386,Confluence
118250425,SQL
118250425,Kafka
118250425,Apache NiFi
120296315,SQL
120296315,Python
120296315,Tableau
120296315,Matplotlib
120296315,PostgreSQL
120296315,ClickHouse
120296315,Pandas
120296315,NumPy
123017036,SQL
123017036,Azure
122199850,SQL
122199850,Spark
122199850,Hive
122199850,Kafka
122199850,Airflow
122199850,ML
122199850,Feature Engineering
122199850,MLflow
122199850,Pandas
122199850,PyTorch
122199850,XGBoost
122199850,CatBoost
122199850,Математика
122199850,Статистика
122199850,Линейная алгебра
122199850,Теория Вероятностей
123522667,SQL
119127827,SQL
119127827,Power BI
119127827,Excel
123521919,Excel
121216482,SQL
121216482,Agile
121216482,Jira
121216482,Confluence
122545978,Excel
123311549,Power BI
123311549,Excel
121302636,SQL
120351741,SQL
120351741,Tableau
121179390,SQL
121179390,Python
123425314,SQL
123425314,Python
123425314,Greenplum
123425314,Hadoop
123425314,Spark
123425314,ML
123425314,Predictive Modeling
123425314,Pandas
123425314,NumPy
123425314,SciPy
123425314,Scikit-learn
122531982,SQL
122531982,PostgreSQL
122531982,REST API
123001264,SQL
123001264,Python
123001264,Excel
123001264,ML
123001264,Pandas
123470133,Python
123470133,ML
123470133,AI
123299662,SQL
123299662,Python
123299662,Математика
123316728,Excel
123316728,Jira
123316728,Confluence
123420110,Agile
123420110,Jira
123420110,Confluence
122015168,SQL
122015168,Python
122015168,Power BI
122015168,ETL
120394557,Python
120394557,ClickHouse
120394557,Redis
120394557,Kafka
120394557,Airflow
120394557,ETL
120394557,Статистика
121444064,SQL
121444064,Excel
121444064,MS SQL
122390755,Jira
122390755,Confluence
121097790,SQL
121097790,Excel
123412970,SQL
123412970,Scrum
123412970,Agile
122181769,1C
122181769,Excel
122221888,SQL
122221888,Excel
116713360,Excel
121388349,Python
121388349,R
123038444,SQL
123038444,Python
123038444,Tableau
123038444,Redash
123038444,Superset
123038444,PostgreSQL
123038444,MySQL
123038444,MS SQL
123038444,Pandas
123038444,NumPy
123072854,Excel
122523233,SQL
122523233,Java
122772118,Power BI
122772118,Excel
122830113,SQL
122830113,Jira
122830113,Confluence
117908419,SQL
117908419,Python
117908419,Power BI
117908419,MS SQL
117908419,DWH
117908419,Jira
117908419,Confluence
122835716,SQL
122835716,1C
122835716,Power BI
122835716,Excel
122835716,DWH
122835716,ETL
122720013,SQL
122720013,Python
122720013,Power BI
122720013,Tableau
122720013,Matplotlib
122720013,Seaborn
122720013,EDA
122720013,Git
122720013,Pandas
122720013,NumPy
123195707,SQL
123195707,ClickHouse
123195707,Greenplum
123195707,AI
118079361,Excel
122204366,SQL
122204366,PostgreSQL
122204366,Greenplum
120715101,SQL
120715101,Python
120715101,Power BI
120715101,Airflow
120715101,ETL
121886416,SQL
121886416,Python
121886416,Metabase
121886416,Spark
121886416,ML
121886416,EDA
121886416,Agile
121886416,Pandas
122195649,SQL
122195649,Jira
122195649,Confluence
123530029,SQL
123530029,Python
123530029,Tableau
123530029,Qlik
123530029,Superset
123300978,Excel
123230159,SQL
123230159,Python
123230159,Excel
122566746,SQL
122566746,Power BI
122566746,Excel
122594810,SQL
122594810,Python
122594810,Tableau
122594810,Pandas
122594810,NumPy
122594810,Scikit-learn
123465687,Excel
123313375,SQL
123313375,Excel
123313375,PostgreSQL
123331405,SQL
123331405,Python
123331405,Superset
123331405,Airflow
123331405,ML
123331405,Scrum
123331405,Agile
123331405,Kanban
123373311,SQL
123395224,SQL
123395224,Excel
123304503,SQL
123304503,Python
121278171,Excel
122680027,Excel
123306931,Scrum
123306931,Kanban
123306931,REST API
123165757,Excel
123165757,Google Sheets
123408231,SQL
123408231,Python
123408231,PostgreSQL
123408231,Oracle
122464459,Excel
123329739,SQL
123329739,Python
122919936,SQL
122919936,Excel
122995582,Excel
122712737,SQL
122712737,Python
122712737,Java
122712737,MS SQL
122712737,Linux
123396354,Excel
123396354,Google Sheets
120529412,Excel
120529412,Статистика
123313655,SQL
122568391,Python
122568391,Java
122568391,PostgreSQL
122568391,Oracle
122568391,ClickHouse
122568391,Greenplum
122568391,Hadoop
122568391,Spark
122568391,Airflow
122568391,DWH
122568391,ETL
122568391,Data Lake
122568391,Machine Learning
122568391,AI
105435893,Excel
122443078,SQL
122443078,Scrum
122443078,Git
122867264,ML
119481681,SQL
119481681,Excel
121213038,SQL
116576421,SQL
123115326,Power BI
123115326,Excel
123115326,Математика
123115326,Статистика
121030156,Excel
123306474,SQL
123306474,Python
123306474,Scala
123306474,ClickHouse
123306474,Spark
123306474,Kafka
123306474,Airflow
123306474,ETL
123306474,ELT
123306474,Data Lake
123306474,dbt
123306474,ML
123306474,AI
123306474,CI/CD
123308774,Power BI
123308774,Tableau
123308774,Excel
123308774,Google Sheets
120213930,SQL
120213930,Python
120213930,Excel
120875595,SQL
123389086,AI
121276785,Excel
123394213,SQL
123394213,Oracle
123394213,Spark
123394213,Hive
123394213,AI
123494810,SQL
123494810,Python
100822710,SQL
100822710,Python
100822710,Pandas
100822710,NumPy
100822710,SciPy
123046875,SQL
123046875,Excel
123291012,SQL
123291012,Python
123291012,R
123291012,Excel
123291012,Статистика
122855579,SQL
122855579,Excel
122430182,SQL
122430182,Python
122430182,Power BI
122430182,Tableau
122430182,Superset
122430182,Excel
122430182,ETL
122430182,Pandas
123443056,SQL
123443056,Power BI
123443056,Tableau
123443056,Excel
123443056,Google Sheets
123443056,Data Studio
123443056,BigQuery
122700625,SQL
122515061,Python
122515061,Git
122515061,Bash
123446159,Excel
121044195,SQL
121044195,Python
121044195,Power BI
121044195,Databricks
121044195,Azure
121044195,ETL
121044195,Scrum
121044195,CI/CD
123358520,Excel
123440920,SQL
123440920,Excel
123210703,SQL
123210703,Python
123210703,Excel
122545505,Excel
123001002,Excel
122346529,Excel
123335590,SQL
123335590,Excel
123335590,Google Sheets
121863805,SQL
121863805,Power BI
121863805,Tableau
121863805,Superset
122520859,SQL
122520859,Python
122520859,Scala
122520859,Java
122520859,PostgreSQL
122520859,Oracle
122520859,ClickHouse
122520859,Greenplum
122520859,Hadoop
122520859,Spark
122520859,Hive
122520859,Airflow
122520859,ETL
122520859,ML
122520859,CI/CD
122520859,Docker
122578206,SQL
122578206,Excel
121394596,SQL
121394596,Python
121394596,DWH
121394596,ML
121394596,Pandas
121394596,NumPy
123360387,Jira
123360387,Confluence
123513815,SQL
123513815,Python
123513815,PostgreSQL
122386181,Excel
122942913,Python
122942913,ML
122942913,AI
122942913,NLP
122942913,Docker
122942913,Linux
122942913,Математика
121676661,SQL
121676661,Metabase
121676661,ML
121676661,AI
